{"sections":{"main":{"type":"main-404","disabled":true,"custom_css":[],"settings":{}},"f0ab13f9-1f2d-46b4-9432-a1bc43991299":{"type":"slideshow","blocks":{"template--21665773584670__f0ab13f9-1f2d-46b4-9432-a1bc43991299-slide-2":{"type":"slide","settings":{"image":"shopify:\/\/shop_images\/8683986.jpg","heading":"","heading_size":"h2","subheading":"","button_label":"","link":"","button_style_secondary":false,"box_align":"middle-center","show_text_box":false,"text_alignment":"center","image_overlay_opacity":0,"color_scheme":"","text_alignment_mobile":"center"}}},"block_order":["template--21665773584670__f0ab13f9-1f2d-46b4-9432-a1bc43991299-slide-2"],"settings":{"layout":"full_bleed","slide_height":"medium","slider_visual":"counter","auto_rotate":false,"change_slides_speed":5,"image_behavior":"none","show_text_below":true,"accessibility_info":"Slideshow about our brand"}},"5a5bb19a-b720-46cf-8943-4315162b43c1":{"type":"rich-text","blocks":{"template--21665773584670__5a5bb19a-b720-46cf-8943-4315162b43c1-heading-1":{"type":"heading","settings":{"heading":"Talk about your brand","heading_size":"h1"}}},"block_order":["template--21665773584670__5a5bb19a-b720-46cf-8943-4315162b43c1-heading-1"],"settings":{"desktop_content_position":"center","content_alignment":"center","color_scheme":"","full_width":true,"padding_top":8,"padding_bottom":8}}},"order":["main","f0ab13f9-1f2d-46b4-9432-a1bc43991299","5a5bb19a-b720-46cf-8943-4315162b43c1"]}