{"sections":{"banner":{"type":"main-collection-banner","custom_css":[],"settings":{"show_collection_description":true,"show_collection_image":true,"color_scheme":"background-1"}},"e7783c4a-1be5-45df-a3ad-ae7ad53c1c88":{"type":"slideshow","blocks":{"template--21665773715742__e7783c4a-1be5-45df-a3ad-ae7ad53c1c88-slide-1":{"type":"slide","settings":{"image":"shopify:\/\/shop_images\/picking-strawberries.jpg","heading":"","heading_size":"h2","subheading":"","button_label":"","link":"shopify:\/\/collections\/renereit","button_style_secondary":false,"box_align":"top-left","show_text_box":false,"text_alignment":"center","image_overlay_opacity":0,"color_scheme":"","text_alignment_mobile":"center"}},"template--21665773715742__e7783c4a-1be5-45df-a3ad-ae7ad53c1c88-slide-2":{"type":"slide","settings":{"image":"shopify:\/\/shop_images\/5994935.jpg","heading":"","heading_size":"h2","subheading":"","button_label":"","link":"shopify:\/\/collections\/renereit","button_style_secondary":false,"box_align":"middle-center","show_text_box":false,"text_alignment":"center","image_overlay_opacity":0,"color_scheme":"","text_alignment_mobile":"center"}}},"block_order":["template--21665773715742__e7783c4a-1be5-45df-a3ad-ae7ad53c1c88-slide-1","template--21665773715742__e7783c4a-1be5-45df-a3ad-ae7ad53c1c88-slide-2"],"settings":{"layout":"full_bleed","slide_height":"small","slider_visual":"counter","auto_rotate":false,"change_slides_speed":9,"image_behavior":"none","show_text_below":true,"accessibility_info":"Slideshow about our brand"}},"product-grid":{"type":"main-collection-product-grid","settings":{"products_per_page":24,"columns_desktop":5,"color_scheme":"background-1","image_ratio":"square","image_shape":"default","show_secondary_image":true,"show_vendor":false,"show_rating":true,"enable_quick_add":false,"enable_filtering":true,"filter_type":"horizontal","enable_sorting":true,"columns_mobile":"2","padding_top":0,"padding_bottom":0}}},"order":["banner","e7783c4a-1be5-45df-a3ad-ae7ad53c1c88","product-grid"]}