{"sections":{"slideshow":{"type":"slideshow","blocks":{"slide-0":{"type":"slide","settings":{"image":"shopify:\/\/shop_images\/4145288.jpg","heading":"","heading_size":"h1","subheading":"","button_label":"","link":"shopify:\/\/collections\/frontpage","button_style_secondary":false,"box_align":"middle-center","show_text_box":false,"text_alignment":"center","image_overlay_opacity":0,"color_scheme":"background-1","text_alignment_mobile":"center"}},"49740ca3-f82e-4d08-b3e4-161fadf46f55":{"type":"slide","settings":{"image":"shopify:\/\/shop_images\/social_media_banner_children_s_month_shopping_fun.jpg","heading":"","heading_size":"h1","subheading":"","button_label":"","link":"shopify:\/\/collections\/frontpage","button_style_secondary":false,"box_align":"middle-center","show_text_box":false,"text_alignment":"center","image_overlay_opacity":0,"color_scheme":"background-1","text_alignment_mobile":"center"}},"1f94880e-f164-46f3-ad7c-0265c1bf5934":{"type":"slide","settings":{"image":"shopify:\/\/shop_images\/5964625.jpg","heading":"","heading_size":"h1","subheading":"","button_label":"","link":"shopify:\/\/collections\/frontpage","button_style_secondary":false,"box_align":"middle-center","show_text_box":false,"text_alignment":"center","image_overlay_opacity":0,"color_scheme":"background-1","text_alignment_mobile":"center"}},"4318dd61-e4f2-49aa-a75b-584366aa7d5b":{"type":"slide","settings":{"image":"shopify:\/\/shop_images\/8683986.jpg","heading":"","heading_size":"h1","subheading":"","button_label":"","link":"shopify:\/\/collections","button_style_secondary":false,"box_align":"middle-center","show_text_box":false,"text_alignment":"center","image_overlay_opacity":0,"color_scheme":"background-1","text_alignment_mobile":"center"}}},"block_order":["slide-0","49740ca3-f82e-4d08-b3e4-161fadf46f55","1f94880e-f164-46f3-ad7c-0265c1bf5934","4318dd61-e4f2-49aa-a75b-584366aa7d5b"],"settings":{"layout":"full_bleed","slide_height":"small","slider_visual":"dots","auto_rotate":true,"change_slides_speed":3,"image_behavior":"none","show_text_below":false,"accessibility_info":"Slideshow about our brand."}},"64519e31-4ac7-4d63-8034-35db8db6d386":{"type":"featured-collection","settings":{"title":"<strong>Best Seller<\/strong>","heading_size":"h2","description":"","show_description":false,"description_style":"body","collection":"best-seller","products_to_show":25,"columns_desktop":5,"full_width":true,"show_view_all":true,"view_all_style":"link","enable_desktop_slider":true,"color_scheme":"background-1","image_ratio":"square","image_shape":"default","show_secondary_image":true,"show_vendor":false,"show_rating":true,"enable_quick_add":false,"columns_mobile":"2","swipe_on_mobile":true,"padding_top":0,"padding_bottom":0}},"featured-collection":{"type":"featured-collection","settings":{"title":"<strong>Today deal<\/strong>","heading_size":"h2","description":"","show_description":false,"description_style":"body","collection":"makeup","products_to_show":25,"columns_desktop":5,"full_width":true,"show_view_all":true,"view_all_style":"link","enable_desktop_slider":true,"color_scheme":"background-1","image_ratio":"square","image_shape":"default","show_secondary_image":true,"show_vendor":false,"show_rating":true,"enable_quick_add":false,"columns_mobile":"2","swipe_on_mobile":true,"padding_top":0,"padding_bottom":0}},"18fb102e-5a30-40c1-a20c-f3a2188b31ba":{"type":"featured-collection","settings":{"title":"<strong>Offers for you<\/strong>","heading_size":"h2","description":"","show_description":false,"description_style":"body","collection":"offers-for-you","products_to_show":25,"columns_desktop":5,"full_width":true,"show_view_all":true,"view_all_style":"link","enable_desktop_slider":true,"color_scheme":"","image_ratio":"square","image_shape":"default","show_secondary_image":true,"show_vendor":false,"show_rating":true,"enable_quick_add":false,"columns_mobile":"2","swipe_on_mobile":false,"padding_top":0,"padding_bottom":0}},"89fc56c8-c0a2-4f15-a95a-4f8cd47d47d3":{"type":"featured-collection","settings":{"title":"<strong>New Arrival<\/strong>","heading_size":"h2","description":"","show_description":false,"description_style":"body","collection":"new-arrival","products_to_show":25,"columns_desktop":5,"full_width":true,"show_view_all":true,"view_all_style":"link","enable_desktop_slider":true,"color_scheme":"","image_ratio":"adapt","image_shape":"default","show_secondary_image":true,"show_vendor":false,"show_rating":true,"enable_quick_add":false,"columns_mobile":"2","swipe_on_mobile":true,"padding_top":0,"padding_bottom":0}},"d6d5023a-9089-41a7-a966-9702774b861d":{"type":"featured-collection","settings":{"title":"<strong>Clearance Sale<\/strong>","heading_size":"h2","description":"","show_description":false,"description_style":"body","collection":"clearance-sale","products_to_show":25,"columns_desktop":5,"full_width":true,"show_view_all":true,"view_all_style":"link","enable_desktop_slider":true,"color_scheme":"","image_ratio":"adapt","image_shape":"default","show_secondary_image":true,"show_vendor":false,"show_rating":true,"enable_quick_add":false,"columns_mobile":"2","swipe_on_mobile":true,"padding_top":0,"padding_bottom":0}},"9a57b19f-9446-4b39-aa8e-c9097a426271":{"type":"featured-collection","settings":{"title":"<strong>Discount for You<\/strong>","heading_size":"h2","description":"","show_description":false,"description_style":"body","collection":"","products_to_show":25,"columns_desktop":5,"full_width":true,"show_view_all":true,"view_all_style":"solid","enable_desktop_slider":false,"color_scheme":"","image_ratio":"adapt","image_shape":"default","show_secondary_image":true,"show_vendor":false,"show_rating":true,"enable_quick_add":false,"columns_mobile":"2","swipe_on_mobile":true,"padding_top":0,"padding_bottom":0}},"dc0adb47-956c-4328-a5b8-9961bcaf00ff":{"type":"featured-collection","settings":{"title":"<strong>End of  Season<\/strong>","heading_size":"h2","description":"","show_description":false,"description_style":"body","collection":"end-of-season-best-seller","products_to_show":25,"columns_desktop":5,"full_width":true,"show_view_all":true,"view_all_style":"solid","enable_desktop_slider":true,"color_scheme":"","image_ratio":"square","image_shape":"default","show_secondary_image":true,"show_vendor":false,"show_rating":true,"enable_quick_add":false,"columns_mobile":"2","swipe_on_mobile":true,"padding_top":0,"padding_bottom":0}},"37dd588d-56ed-4005-9ff1-69a31556036c":{"type":"collection-list","blocks":{"template--21665773748510__37dd588d-56ed-4005-9ff1-69a31556036c-featured_collection-1":{"type":"featured_collection","settings":{"collection":"renereit"}},"template--21665773748510__37dd588d-56ed-4005-9ff1-69a31556036c-featured_collection-2":{"type":"featured_collection","settings":{"collection":"vedsun"}},"template--21665773748510__37dd588d-56ed-4005-9ff1-69a31556036c-featured_collection-3":{"type":"featured_collection","settings":{"collection":""}},"2e52c219-3eb2-4a5c-a689-3d4af7476fa8":{"type":"featured_collection","settings":{"collection":""}},"1f961191-21e2-447a-96f6-81170a1c44a9":{"type":"featured_collection","settings":{"collection":""}}},"block_order":["template--21665773748510__37dd588d-56ed-4005-9ff1-69a31556036c-featured_collection-1","template--21665773748510__37dd588d-56ed-4005-9ff1-69a31556036c-featured_collection-2","template--21665773748510__37dd588d-56ed-4005-9ff1-69a31556036c-featured_collection-3","2e52c219-3eb2-4a5c-a689-3d4af7476fa8","1f961191-21e2-447a-96f6-81170a1c44a9"],"settings":{"title":"Top Brands","heading_size":"h2","image_ratio":"portrait","columns_desktop":5,"color_scheme":"inverse","show_view_all":false,"columns_mobile":"2","swipe_on_mobile":true,"padding_top":0,"padding_bottom":0}},"ba672ebe-deb3-4f4d-b925-c94a947dedd0":{"type":"featured-collection","settings":{"title":"<strong>Winter Collection<\/strong>","heading_size":"h2","description":"","show_description":false,"description_style":"body","collection":"","products_to_show":25,"columns_desktop":5,"full_width":true,"show_view_all":true,"view_all_style":"solid","enable_desktop_slider":true,"color_scheme":"","image_ratio":"square","image_shape":"default","show_secondary_image":true,"show_vendor":false,"show_rating":true,"enable_quick_add":false,"columns_mobile":"2","swipe_on_mobile":true,"padding_top":0,"padding_bottom":4}}},"order":["slideshow","64519e31-4ac7-4d63-8034-35db8db6d386","featured-collection","18fb102e-5a30-40c1-a20c-f3a2188b31ba","89fc56c8-c0a2-4f15-a95a-4f8cd47d47d3","d6d5023a-9089-41a7-a966-9702774b861d","9a57b19f-9446-4b39-aa8e-c9097a426271","dc0adb47-956c-4328-a5b8-9961bcaf00ff","37dd588d-56ed-4005-9ff1-69a31556036c","ba672ebe-deb3-4f4d-b925-c94a947dedd0"]}