{"sections":{"0ff9632c-49e1-41a6-b212-697d8192629d":{"type":"slideshow","blocks":{"template--21672428863774__0ff9632c-49e1-41a6-b212-697d8192629d-slide-1":{"type":"slide","settings":{"image":"shopify:\/\/shop_images\/social_media_banner_children_s_month_shopping_fun.jpg","heading":"","heading_size":"h2","subheading":"","button_label":"","link":"","button_style_secondary":false,"box_align":"middle-center","show_text_box":false,"text_alignment":"center","image_overlay_opacity":0,"color_scheme":"","text_alignment_mobile":"center"}}},"block_order":["template--21672428863774__0ff9632c-49e1-41a6-b212-697d8192629d-slide-1"],"settings":{"layout":"full_bleed","slide_height":"medium","slider_visual":"counter","auto_rotate":false,"change_slides_speed":5,"image_behavior":"none","show_text_below":true,"accessibility_info":"Slideshow about our brand"}},"main":{"type":"main-page","settings":{"padding_top":28,"padding_bottom":28}}},"order":["0ff9632c-49e1-41a6-b212-697d8192629d","main"]}