{"sections":{"main":{"type":"main-product","blocks":{"vendor":{"type":"text","disabled":true,"settings":{"text":"{{ product.vendor }}","text_style":"uppercase"}},"title":{"type":"title","settings":{}},"price":{"type":"price","settings":{}},"variant_picker":{"type":"variant_picker","settings":{"picker_type":"button"}},"quantity_selector":{"type":"quantity_selector","settings":{}},"buy_buttons":{"type":"buy_buttons","settings":{"show_dynamic_checkout":true,"show_gift_card_recipient":true}},"share":{"type":"share","settings":{"share_label":"Share"}},"description":{"type":"description","settings":{}},"4db190f3-c6b2-4657-b978-140198240e76":{"type":"rating","settings":{}},"df648c4b-43d2-47a9-b5ae-badc31b80ee2":{"type":"collapsible_tab","settings":{"heading":"HOW TO USE","icon":"check_mark","content":"","page":""}},"5ff8ffe1-ab9d-4434-ab40-ffa1b98ee0cc":{"type":"collapsible_tab","settings":{"heading":"INGREDIENTS","icon":"check_mark","content":"","page":""}},"6f1741e1-d5a6-4277-bfce-cfb3abccb979":{"type":"collapsible_tab","settings":{"heading":"FAQ","icon":"check_mark","content":"","page":""}},"9d9fb2d1-1af7-4f29-8492-721b67f8a36d":{"type":"collapsible_tab","settings":{"heading":"ADDITIONAL DETAILS","icon":"check_mark","content":"","page":""}},"26561366-e3bf-4ac3-97ef-79774d5967d3":{"type":"collapsible_tab","settings":{"heading":"REVIEWS","icon":"check_mark","content":"","page":""}},"1a036c1d-b9fe-4e93-b322-fdb27e82519a":{"type":"inventory","settings":{"text_style":"body","inventory_threshold":10,"show_inventory_quantity":true}}},"block_order":["vendor","title","price","variant_picker","quantity_selector","buy_buttons","share","description","4db190f3-c6b2-4657-b978-140198240e76","df648c4b-43d2-47a9-b5ae-badc31b80ee2","5ff8ffe1-ab9d-4434-ab40-ffa1b98ee0cc","6f1741e1-d5a6-4277-bfce-cfb3abccb979","9d9fb2d1-1af7-4f29-8492-721b67f8a36d","26561366-e3bf-4ac3-97ef-79774d5967d3","1a036c1d-b9fe-4e93-b322-fdb27e82519a"],"settings":{"enable_sticky_info":true,"color_scheme":"background-1","media_size":"large","constrain_to_viewport":true,"media_fit":"contain","gallery_layout":"stacked","media_position":"left","image_zoom":"lightbox","mobile_thumbnails":"hide","hide_variants":true,"enable_video_looping":false,"padding_top":40,"padding_bottom":0}},"related-products":{"type":"related-products","settings":{"heading":"You may also like","heading_size":"h1","products_to_show":4,"columns_desktop":4,"color_scheme":"background-1","image_ratio":"portrait","image_shape":"default","show_secondary_image":true,"show_vendor":false,"show_rating":false,"columns_mobile":"2","padding_top":56,"padding_bottom":56}},"8853aa24-21a4-43b8-9c1d-5b61c8b7bfea":{"type":"featured-collection","settings":{"title":"Featured collection","heading_size":"h2","description":"","show_description":true,"description_style":"body","collection":"","products_to_show":25,"columns_desktop":5,"full_width":true,"show_view_all":true,"view_all_style":"solid","enable_desktop_slider":true,"color_scheme":"","image_ratio":"square","image_shape":"round","show_secondary_image":true,"show_vendor":false,"show_rating":true,"enable_quick_add":false,"columns_mobile":"2","swipe_on_mobile":true,"padding_top":4,"padding_bottom":4}}},"order":["main","related-products","8853aa24-21a4-43b8-9c1d-5b61c8b7bfea"]}