{"name":"t:sections.footer.name","type":"footer","sections":{"footer":{"type":"footer","blocks":{"d9b8fdca-249e-4bb1-96f3-b5e2e1262cb3":{"type":"link_list","settings":{"heading":"FOLLOW US","menu":"follow-us"}},"2dbb165a-3498-452b-b4d7-1814fad82df8":{"type":"link_list","settings":{"heading":"INFORMATION","menu":"information"}},"df079771-4ea8-4873-bb01-bb6e16400b8f":{"type":"link_list","settings":{"heading":"HELP","menu":"help"}},"a9b30a1f-a84f-4c13-9f7f-5f22a053aac8":{"type":"link_list","settings":{"heading":"POLICY","menu":"cancellation-policy"}}},"block_order":["d9b8fdca-249e-4bb1-96f3-b5e2e1262cb3","2dbb165a-3498-452b-b4d7-1814fad82df8","df079771-4ea8-4873-bb01-bb6e16400b8f","a9b30a1f-a84f-4c13-9f7f-5f22a053aac8"],"settings":{"color_scheme":"inverse","newsletter_enable":false,"newsletter_heading":"Subscribe to our emails","enable_follow_on_shop":true,"show_social":true,"enable_country_selector":true,"enable_language_selector":true,"payment_enable":true,"show_policy":true,"margin_top":0,"padding_top":8,"padding_bottom":8}}},"order":["footer"]}