{"name":"t:sections.header.name","type":"header","sections":{"announcement-bar":{"type":"announcement-bar","blocks":{"announcement-bar-0":{"type":"announcement","settings":{"text":"*Flat Rs.50 Cashback on First Order","link":""}},"0d4e08bb-185b-4a92-b9e6-b583ac598343":{"type":"announcement","settings":{"text":"*FREE DELIVERY ON SHOPPING ABOVE 500.","link":""}},"cb9c476f-0738-473f-86cd-292f3fced4bd":{"type":"announcement","settings":{"text":"*Refer and Earn","link":""}},"7c7593c6-b8fd-4376-a1b2-e74863f3b87a":{"type":"announcement","settings":{"text":"*DELIVERY IN JUST 24 HOUR IN DELHI-NCR","link":""}}},"block_order":["announcement-bar-0","0d4e08bb-185b-4a92-b9e6-b583ac598343","cb9c476f-0738-473f-86cd-292f3fced4bd","7c7593c6-b8fd-4376-a1b2-e74863f3b87a"],"settings":{"color_scheme":"accent-2","show_line_separator":true,"show_social":true,"auto_rotate":true,"change_slides_speed":5,"enable_country_selector":true,"enable_language_selector":false}},"header":{"type":"header","custom_css":[],"settings":{"logo_position":"top-left","menu":"main-menu","menu_type_desktop":"dropdown","sticky_header_type":"reduce-logo-size","show_line_separator":true,"color_scheme":"background-1","menu_color_scheme":"accent-1","enable_country_selector":true,"enable_language_selector":true,"mobile_logo_position":"center","margin_bottom":12,"padding_top":0,"padding_bottom":0}}},"order":["announcement-bar","header"]}